{
  "agent": "agents.scripted",
  "population": 103.0,
  "raw_score": 0.31786125154706146,
  "renewable_share": 0.6541027115490461,
  "scenario": "scenarios.economy_stress",
  "seed": 42,
  "treasury_delta": -303701.51095718564
}
