{
  "agent": "agents.scripted",
  "population": 102.0,
  "raw_score": 0.6648169714713625,
  "renewable_share": 0.7179371565740901,
  "scenario": "scenarios.economy_stress",
  "seed": 42,
  "treasury_delta": -432427.7819884487
}
