{
  "agent": "agents.scripted",
  "population": 102.0,
  "raw_score": 0.6645778097493046,
  "renewable_share": 0.7155455393535104,
  "scenario": "scenarios.grid_stress",
  "seed": 42,
  "treasury_delta": -368556.52630311286
}
